source_node,target_node,value_voters,value_thousand,color_hex,label,source_url
2021: FDP,2025: SPD,120000,120,#FFCC00,FDP → SPD,https://www.tagesschau.de/wahl/archiv/2025-02-23-BT-DE/charts/analyse-wanderung/chart_1873611.jpg
2021: Nichtwähler,2025: SPD,250000,250,#808080,Nichtwähler → SPD,https://www.tagesschau.de/wahl/archiv/2025-02-23-BT-DE/charts/analyse-wanderung/chart_1873611.jpg
2021: SPD,2025: Grüne,100000,100,#E31B23,SPD → Grüne,https://www.tagesschau.de/wahl/archiv/2025-02-23-BT-DE/analyse-wanderung.shtml
2021: SPD,2025: BSW,440000,440,#E31B23,SPD → BSW,https://www.tagesschau.de/wahl/archiv/2025-02-23-BT-DE/analyse-wanderung.shtml
2021: SPD,2025: Linke,560000,560,#E31B23,SPD → Linke,https://www.tagesschau.de/wahl/archiv/2025-02-23-BT-DE/analyse-wanderung.shtml
2021: SPD,2025: AfD,720000,720,#E31B23,SPD → AfD,https://www.tagesschau.de/wahl/archiv/2025-02-23-BT-DE/analyse-wanderung.shtml
2021: SPD,2025: Union,1760000,1760,#E31B23,SPD → Union,https://www.tagesschau.de/wahl/archiv/2025-02-23-BT-DE/analyse-wanderung.shtml
2021: Grüne,2025: Union,460000,460,#64B914,Grüne → Union,https://www.tagesschau.de/wahl/archiv/2025-02-23-BT-DE/analyse-wanderung.shtml
2021: Nichtwähler,2025: Union,900000,900,#808080,Nichtwähler → Union,https://www.tagesschau.de/wahl/archiv/2025-02-23-BT-DE/charts/analyse-wanderung/chart_1873613.jpg
2021: FDP,2025: Union,1350000,1350,#FFCC00,FDP → Union,https://www.tagesschau.de/wahl/archiv/2025-02-23-BT-DE/analyse-wanderung.shtml
2021: Union,2025: Linke,70000,70,#111111,Union → Linke,https://www.tagesschau.de/wahl/archiv/2025-02-23-BT-DE/analyse-wanderung.shtml
2021: Union,2025: BSW,220000,220,#111111,Union → BSW,https://www.tagesschau.de/wahl/archiv/2025-02-23-BT-DE/analyse-wanderung.shtml
2021: Union,2025: AfD,1010000,1010,#111111,Union → AfD,https://www.tagesschau.de/wahl/archiv/2025-02-23-BT-DE/analyse-wanderung.shtml
2021: Nichtwähler,2025: Grüne,110000,110,#808080,Nichtwähler → Grüne,https://www.tagesschau.de/wahl/archiv/2025-02-23-BT-DE/charts/analyse-wanderung/chart_1873615.jpg
2021: FDP,2025: Grüne,140000,140,#FFCC00,FDP → Grüne,https://www.tagesschau.de/wahl/archiv/2025-02-23-BT-DE/analyse-wanderung.shtml
2021: Grüne,2025: AfD,100000,100,#64B914,Grüne → AfD,https://www.tagesschau.de/wahl/archiv/2025-02-23-BT-DE/analyse-wanderung.shtml
2021: Grüne,2025: BSW,150000,150,#64B914,Grüne → BSW,https://www.tagesschau.de/wahl/archiv/2025-02-23-BT-DE/analyse-wanderung.shtml
2021: Grüne,2025: Linke,700000,700,#64B914,Grüne → Linke,https://www.tagesschau.de/wahl/archiv/2025-02-23-BT-DE/analyse-wanderung.shtml
2021: FDP,2025: Nichtwähler,40000,40,#FFCC00,FDP → Nichtwähler,https://www.tagesschau.de/wahl/archiv/2025-02-23-BT-DE/charts/analyse-wanderung/chart_1873617.jpg
2021: FDP,2025: Linke,100000,100,#FFCC00,FDP → Linke,https://www.tagesschau.de/wahl/archiv/2025-02-23-BT-DE/analyse-wanderung.shtml
2021: FDP,2025: BSW,260000,260,#FFCC00,FDP → BSW,https://www.tagesschau.de/wahl/archiv/2025-02-23-BT-DE/analyse-wanderung.shtml
2021: FDP,2025: AfD,890000,890,#FFCC00,FDP → AfD,https://www.tagesschau.de/wahl/archiv/2025-02-23-BT-DE/analyse-wanderung.shtml
2021: Linke,2025: AfD,110000,110,#BE3075,Linke → AfD,https://www.tagesschau.de/wahl/archiv/2025-02-23-BT-DE/analyse-wanderung.shtml
2021: Nichtwähler,2025: AfD,1810000,1810,#808080,Nichtwähler → AfD,https://www.tagesschau.de/wahl/archiv/2025-02-23-BT-DE/charts/analyse-wanderung/chart_1873619.jpg
2021: AfD,2025: BSW,60000,60,#009EE0,AfD → BSW,https://www.tagesschau.de/wahl/archiv/2025-02-23-BT-DE/analyse-wanderung.shtml
2021: Nichtwähler,2025: Linke,290000,290,#808080,Nichtwähler → Linke,https://www.tagesschau.de/wahl/archiv/2025-02-23-BT-DE/charts/analyse-wanderung/chart_1873621.jpg
2021: Linke,2025: BSW,350000,350,#BE3075,Linke → BSW,https://www.tagesschau.de/wahl/archiv/2025-02-23-BT-DE/analyse-wanderung.shtml
2021: Nichtwähler,2025: BSW,400000,400,#808080,Nichtwähler → BSW,https://www.tagesschau.de/wahl/archiv/2025-02-23-BT-DE/charts/analyse-wanderung/chart_1873623.jpg
