record_type,source_id,source_label,source_party,source_party_long,source_year,source_vote_share_pct,source_share_basis,source_votes_total,source_sort_order,source_x,source_color_hex,target_id,target_label,target_party,target_party_long,target_year,target_vote_share_pct,target_share_basis,target_votes_total,target_sort_order,target_x,target_color_hex,value_voters,value_million,value_thousand,flow_label,flow_color_hex,flow_color_rgba,estimate_type,migration_source_url,election_source_url_2021,election_source_url_2025,wahlrecht_summary_url,plot_note
flow,fdp_2021,FDP 2021 · 11.4%,FDP,Freie Demokratische Partei,2021,11.4,valid_second_votes,5291013,4,0.02,#FFCC00,spd_2025,SPD 2025 · 16.4%,SPD,Sozialdemokratische Partei Deutschlands,2025,16.4,valid_second_votes,8149124,2,0.98,#E31B23,120000,0.12,120,FDP 2021 → SPD 2025 · 0.12M voters,#FFCC00,"rgba(255,204,0,0.38)",estimated voter migration,https://www.tagesschau.de/wahl/archiv/2025-02-23-BT-DE/charts/analyse-wanderung/chart_1873611.jpg,https://www.bundeswahlleiterin.de/bundestagswahlen/2021/ergebnisse/bund-99.html,https://www.bundeswahlleiterin.de/bundestagswahlen/2025/ergebnisse/bund-99.html,https://www.wahlrecht.de/ergebnisse/bundestag.htm?level=1,"Node labels show official election-result shares; party shares use valid second votes, non-voter shares use eligible voters. Flow widths use estimated voter migration counts from infratest dimap/tagesschau. Displayed flows are selected estimates, not a complete balanced migration matrix."
flow,nichtwaehler_2021,Nichtwähler 2021 · 23.6%,Nichtwähler,Nichtwähler / no turnout,2021,23.6,eligible_voters,14465428,7,0.02,#808080,spd_2025,SPD 2025 · 16.4%,SPD,Sozialdemokratische Partei Deutschlands,2025,16.4,valid_second_votes,8149124,2,0.98,#E31B23,250000,0.25,250,Nichtwähler 2021 → SPD 2025 · 0.25M voters,#808080,"rgba(128,128,128,0.38)",estimated voter migration,https://www.tagesschau.de/wahl/archiv/2025-02-23-BT-DE/charts/analyse-wanderung/chart_1873611.jpg,https://www.bundeswahlleiterin.de/bundestagswahlen/2021/ergebnisse/bund-99.html,https://www.bundeswahlleiterin.de/bundestagswahlen/2025/ergebnisse/bund-99.html,https://www.wahlrecht.de/ergebnisse/bundestag.htm?level=1,"Node labels show official election-result shares; party shares use valid second votes, non-voter shares use eligible voters. Flow widths use estimated voter migration counts from infratest dimap/tagesschau. Displayed flows are selected estimates, not a complete balanced migration matrix."
flow,spd_2021,SPD 2021 · 25.7%,SPD,Sozialdemokratische Partei Deutschlands,2021,25.7,valid_second_votes,11901558,2,0.02,#E31B23,gruene_2025,Grüne 2025 · 11.6%,Grüne,Bündnis 90/Die Grünen,2025,11.6,valid_second_votes,5762380,3,0.98,#64B914,100000,0.1,100,SPD 2021 → Grüne 2025 · 0.10M voters,#E31B23,"rgba(227,27,35,0.38)",estimated voter migration,https://www.tagesschau.de/wahl/archiv/2025-02-23-BT-DE/analyse-wanderung.shtml,https://www.bundeswahlleiterin.de/bundestagswahlen/2021/ergebnisse/bund-99.html,https://www.bundeswahlleiterin.de/bundestagswahlen/2025/ergebnisse/bund-99.html,https://www.wahlrecht.de/ergebnisse/bundestag.htm?level=1,"Node labels show official election-result shares; party shares use valid second votes, non-voter shares use eligible voters. Flow widths use estimated voter migration counts from infratest dimap/tagesschau. Displayed flows are selected estimates, not a complete balanced migration matrix."
flow,spd_2021,SPD 2021 · 25.7%,SPD,Sozialdemokratische Partei Deutschlands,2021,25.7,valid_second_votes,11901558,2,0.02,#E31B23,bsw_2025,BSW 2025 · 4.98%,BSW,Bündnis Sahra Wagenknecht,2025,4.981,valid_second_votes,2472947,7,0.98,#7A003C,440000,0.44,440,SPD 2021 → BSW 2025 · 0.44M voters,#E31B23,"rgba(227,27,35,0.38)",estimated voter migration,https://www.tagesschau.de/wahl/archiv/2025-02-23-BT-DE/analyse-wanderung.shtml,https://www.bundeswahlleiterin.de/bundestagswahlen/2021/ergebnisse/bund-99.html,https://www.bundeswahlleiterin.de/bundestagswahlen/2025/ergebnisse/bund-99.html,https://www.wahlrecht.de/ergebnisse/bundestag.htm?level=1,"Node labels show official election-result shares; party shares use valid second votes, non-voter shares use eligible voters. Flow widths use estimated voter migration counts from infratest dimap/tagesschau. Displayed flows are selected estimates, not a complete balanced migration matrix."
flow,spd_2021,SPD 2021 · 25.7%,SPD,Sozialdemokratische Partei Deutschlands,2021,25.7,valid_second_votes,11901558,2,0.02,#E31B23,linke_2025,Linke 2025 · 8.8%,Linke,Die Linke,2025,8.8,valid_second_votes,4356532,6,0.98,#BE3075,560000,0.56,560,SPD 2021 → Linke 2025 · 0.56M voters,#E31B23,"rgba(227,27,35,0.38)",estimated voter migration,https://www.tagesschau.de/wahl/archiv/2025-02-23-BT-DE/analyse-wanderung.shtml,https://www.bundeswahlleiterin.de/bundestagswahlen/2021/ergebnisse/bund-99.html,https://www.bundeswahlleiterin.de/bundestagswahlen/2025/ergebnisse/bund-99.html,https://www.wahlrecht.de/ergebnisse/bundestag.htm?level=1,"Node labels show official election-result shares; party shares use valid second votes, non-voter shares use eligible voters. Flow widths use estimated voter migration counts from infratest dimap/tagesschau. Displayed flows are selected estimates, not a complete balanced migration matrix."
flow,spd_2021,SPD 2021 · 25.7%,SPD,Sozialdemokratische Partei Deutschlands,2021,25.7,valid_second_votes,11901558,2,0.02,#E31B23,afd_2025,AfD 2025 · 20.8%,AfD,Alternative für Deutschland,2025,20.8,valid_second_votes,10328780,5,0.98,#009EE0,720000,0.72,720,SPD 2021 → AfD 2025 · 0.72M voters,#E31B23,"rgba(227,27,35,0.38)",estimated voter migration,https://www.tagesschau.de/wahl/archiv/2025-02-23-BT-DE/analyse-wanderung.shtml,https://www.bundeswahlleiterin.de/bundestagswahlen/2021/ergebnisse/bund-99.html,https://www.bundeswahlleiterin.de/bundestagswahlen/2025/ergebnisse/bund-99.html,https://www.wahlrecht.de/ergebnisse/bundestag.htm?level=1,"Node labels show official election-result shares; party shares use valid second votes, non-voter shares use eligible voters. Flow widths use estimated voter migration counts from infratest dimap/tagesschau. Displayed flows are selected estimates, not a complete balanced migration matrix."
flow,spd_2021,SPD 2021 · 25.7%,SPD,Sozialdemokratische Partei Deutschlands,2021,25.7,valid_second_votes,11901558,2,0.02,#E31B23,union_2025,Union 2025 · 28.5%,Union,CDU/CSU,2025,28.5,valid_second_votes,14160402,1,0.98,#111111,1760000,1.76,1760,SPD 2021 → Union 2025 · 1.76M voters,#E31B23,"rgba(227,27,35,0.38)",estimated voter migration,https://www.tagesschau.de/wahl/archiv/2025-02-23-BT-DE/analyse-wanderung.shtml,https://www.bundeswahlleiterin.de/bundestagswahlen/2021/ergebnisse/bund-99.html,https://www.bundeswahlleiterin.de/bundestagswahlen/2025/ergebnisse/bund-99.html,https://www.wahlrecht.de/ergebnisse/bundestag.htm?level=1,"Node labels show official election-result shares; party shares use valid second votes, non-voter shares use eligible voters. Flow widths use estimated voter migration counts from infratest dimap/tagesschau. Displayed flows are selected estimates, not a complete balanced migration matrix."
flow,gruene_2021,Grüne 2021 · 14.7%,Grüne,Bündnis 90/Die Grünen,2021,14.7,valid_second_votes,6814408,3,0.02,#64B914,union_2025,Union 2025 · 28.5%,Union,CDU/CSU,2025,28.5,valid_second_votes,14160402,1,0.98,#111111,460000,0.46,460,Grüne 2021 → Union 2025 · 0.46M voters,#64B914,"rgba(100,185,20,0.38)",estimated voter migration,https://www.tagesschau.de/wahl/archiv/2025-02-23-BT-DE/analyse-wanderung.shtml,https://www.bundeswahlleiterin.de/bundestagswahlen/2021/ergebnisse/bund-99.html,https://www.bundeswahlleiterin.de/bundestagswahlen/2025/ergebnisse/bund-99.html,https://www.wahlrecht.de/ergebnisse/bundestag.htm?level=1,"Node labels show official election-result shares; party shares use valid second votes, non-voter shares use eligible voters. Flow widths use estimated voter migration counts from infratest dimap/tagesschau. Displayed flows are selected estimates, not a complete balanced migration matrix."
flow,nichtwaehler_2021,Nichtwähler 2021 · 23.6%,Nichtwähler,Nichtwähler / no turnout,2021,23.6,eligible_voters,14465428,7,0.02,#808080,union_2025,Union 2025 · 28.5%,Union,CDU/CSU,2025,28.5,valid_second_votes,14160402,1,0.98,#111111,900000,0.9,900,Nichtwähler 2021 → Union 2025 · 0.90M voters,#808080,"rgba(128,128,128,0.38)",estimated voter migration,https://www.tagesschau.de/wahl/archiv/2025-02-23-BT-DE/charts/analyse-wanderung/chart_1873613.jpg,https://www.bundeswahlleiterin.de/bundestagswahlen/2021/ergebnisse/bund-99.html,https://www.bundeswahlleiterin.de/bundestagswahlen/2025/ergebnisse/bund-99.html,https://www.wahlrecht.de/ergebnisse/bundestag.htm?level=1,"Node labels show official election-result shares; party shares use valid second votes, non-voter shares use eligible voters. Flow widths use estimated voter migration counts from infratest dimap/tagesschau. Displayed flows are selected estimates, not a complete balanced migration matrix."
flow,fdp_2021,FDP 2021 · 11.4%,FDP,Freie Demokratische Partei,2021,11.4,valid_second_votes,5291013,4,0.02,#FFCC00,union_2025,Union 2025 · 28.5%,Union,CDU/CSU,2025,28.5,valid_second_votes,14160402,1,0.98,#111111,1350000,1.35,1350,FDP 2021 → Union 2025 · 1.35M voters,#FFCC00,"rgba(255,204,0,0.38)",estimated voter migration,https://www.tagesschau.de/wahl/archiv/2025-02-23-BT-DE/analyse-wanderung.shtml,https://www.bundeswahlleiterin.de/bundestagswahlen/2021/ergebnisse/bund-99.html,https://www.bundeswahlleiterin.de/bundestagswahlen/2025/ergebnisse/bund-99.html,https://www.wahlrecht.de/ergebnisse/bundestag.htm?level=1,"Node labels show official election-result shares; party shares use valid second votes, non-voter shares use eligible voters. Flow widths use estimated voter migration counts from infratest dimap/tagesschau. Displayed flows are selected estimates, not a complete balanced migration matrix."
flow,union_2021,Union 2021 · 24.1%,Union,CDU/CSU,2021,24.1,valid_second_votes,11177747,1,0.02,#111111,linke_2025,Linke 2025 · 8.8%,Linke,Die Linke,2025,8.8,valid_second_votes,4356532,6,0.98,#BE3075,70000,0.07,70,Union 2021 → Linke 2025 · 0.07M voters,#111111,"rgba(17,17,17,0.38)",estimated voter migration,https://www.tagesschau.de/wahl/archiv/2025-02-23-BT-DE/analyse-wanderung.shtml,https://www.bundeswahlleiterin.de/bundestagswahlen/2021/ergebnisse/bund-99.html,https://www.bundeswahlleiterin.de/bundestagswahlen/2025/ergebnisse/bund-99.html,https://www.wahlrecht.de/ergebnisse/bundestag.htm?level=1,"Node labels show official election-result shares; party shares use valid second votes, non-voter shares use eligible voters. Flow widths use estimated voter migration counts from infratest dimap/tagesschau. Displayed flows are selected estimates, not a complete balanced migration matrix."
flow,union_2021,Union 2021 · 24.1%,Union,CDU/CSU,2021,24.1,valid_second_votes,11177747,1,0.02,#111111,bsw_2025,BSW 2025 · 4.98%,BSW,Bündnis Sahra Wagenknecht,2025,4.981,valid_second_votes,2472947,7,0.98,#7A003C,220000,0.22,220,Union 2021 → BSW 2025 · 0.22M voters,#111111,"rgba(17,17,17,0.38)",estimated voter migration,https://www.tagesschau.de/wahl/archiv/2025-02-23-BT-DE/analyse-wanderung.shtml,https://www.bundeswahlleiterin.de/bundestagswahlen/2021/ergebnisse/bund-99.html,https://www.bundeswahlleiterin.de/bundestagswahlen/2025/ergebnisse/bund-99.html,https://www.wahlrecht.de/ergebnisse/bundestag.htm?level=1,"Node labels show official election-result shares; party shares use valid second votes, non-voter shares use eligible voters. Flow widths use estimated voter migration counts from infratest dimap/tagesschau. Displayed flows are selected estimates, not a complete balanced migration matrix."
flow,union_2021,Union 2021 · 24.1%,Union,CDU/CSU,2021,24.1,valid_second_votes,11177747,1,0.02,#111111,afd_2025,AfD 2025 · 20.8%,AfD,Alternative für Deutschland,2025,20.8,valid_second_votes,10328780,5,0.98,#009EE0,1010000,1.01,1010,Union 2021 → AfD 2025 · 1.01M voters,#111111,"rgba(17,17,17,0.38)",estimated voter migration,https://www.tagesschau.de/wahl/archiv/2025-02-23-BT-DE/analyse-wanderung.shtml,https://www.bundeswahlleiterin.de/bundestagswahlen/2021/ergebnisse/bund-99.html,https://www.bundeswahlleiterin.de/bundestagswahlen/2025/ergebnisse/bund-99.html,https://www.wahlrecht.de/ergebnisse/bundestag.htm?level=1,"Node labels show official election-result shares; party shares use valid second votes, non-voter shares use eligible voters. Flow widths use estimated voter migration counts from infratest dimap/tagesschau. Displayed flows are selected estimates, not a complete balanced migration matrix."
flow,nichtwaehler_2021,Nichtwähler 2021 · 23.6%,Nichtwähler,Nichtwähler / no turnout,2021,23.6,eligible_voters,14465428,7,0.02,#808080,gruene_2025,Grüne 2025 · 11.6%,Grüne,Bündnis 90/Die Grünen,2025,11.6,valid_second_votes,5762380,3,0.98,#64B914,110000,0.11,110,Nichtwähler 2021 → Grüne 2025 · 0.11M voters,#808080,"rgba(128,128,128,0.38)",estimated voter migration,https://www.tagesschau.de/wahl/archiv/2025-02-23-BT-DE/charts/analyse-wanderung/chart_1873615.jpg,https://www.bundeswahlleiterin.de/bundestagswahlen/2021/ergebnisse/bund-99.html,https://www.bundeswahlleiterin.de/bundestagswahlen/2025/ergebnisse/bund-99.html,https://www.wahlrecht.de/ergebnisse/bundestag.htm?level=1,"Node labels show official election-result shares; party shares use valid second votes, non-voter shares use eligible voters. Flow widths use estimated voter migration counts from infratest dimap/tagesschau. Displayed flows are selected estimates, not a complete balanced migration matrix."
flow,fdp_2021,FDP 2021 · 11.4%,FDP,Freie Demokratische Partei,2021,11.4,valid_second_votes,5291013,4,0.02,#FFCC00,gruene_2025,Grüne 2025 · 11.6%,Grüne,Bündnis 90/Die Grünen,2025,11.6,valid_second_votes,5762380,3,0.98,#64B914,140000,0.14,140,FDP 2021 → Grüne 2025 · 0.14M voters,#FFCC00,"rgba(255,204,0,0.38)",estimated voter migration,https://www.tagesschau.de/wahl/archiv/2025-02-23-BT-DE/analyse-wanderung.shtml,https://www.bundeswahlleiterin.de/bundestagswahlen/2021/ergebnisse/bund-99.html,https://www.bundeswahlleiterin.de/bundestagswahlen/2025/ergebnisse/bund-99.html,https://www.wahlrecht.de/ergebnisse/bundestag.htm?level=1,"Node labels show official election-result shares; party shares use valid second votes, non-voter shares use eligible voters. Flow widths use estimated voter migration counts from infratest dimap/tagesschau. Displayed flows are selected estimates, not a complete balanced migration matrix."
flow,gruene_2021,Grüne 2021 · 14.7%,Grüne,Bündnis 90/Die Grünen,2021,14.7,valid_second_votes,6814408,3,0.02,#64B914,afd_2025,AfD 2025 · 20.8%,AfD,Alternative für Deutschland,2025,20.8,valid_second_votes,10328780,5,0.98,#009EE0,100000,0.1,100,Grüne 2021 → AfD 2025 · 0.10M voters,#64B914,"rgba(100,185,20,0.38)",estimated voter migration,https://www.tagesschau.de/wahl/archiv/2025-02-23-BT-DE/analyse-wanderung.shtml,https://www.bundeswahlleiterin.de/bundestagswahlen/2021/ergebnisse/bund-99.html,https://www.bundeswahlleiterin.de/bundestagswahlen/2025/ergebnisse/bund-99.html,https://www.wahlrecht.de/ergebnisse/bundestag.htm?level=1,"Node labels show official election-result shares; party shares use valid second votes, non-voter shares use eligible voters. Flow widths use estimated voter migration counts from infratest dimap/tagesschau. Displayed flows are selected estimates, not a complete balanced migration matrix."
flow,gruene_2021,Grüne 2021 · 14.7%,Grüne,Bündnis 90/Die Grünen,2021,14.7,valid_second_votes,6814408,3,0.02,#64B914,bsw_2025,BSW 2025 · 4.98%,BSW,Bündnis Sahra Wagenknecht,2025,4.981,valid_second_votes,2472947,7,0.98,#7A003C,150000,0.15,150,Grüne 2021 → BSW 2025 · 0.15M voters,#64B914,"rgba(100,185,20,0.38)",estimated voter migration,https://www.tagesschau.de/wahl/archiv/2025-02-23-BT-DE/analyse-wanderung.shtml,https://www.bundeswahlleiterin.de/bundestagswahlen/2021/ergebnisse/bund-99.html,https://www.bundeswahlleiterin.de/bundestagswahlen/2025/ergebnisse/bund-99.html,https://www.wahlrecht.de/ergebnisse/bundestag.htm?level=1,"Node labels show official election-result shares; party shares use valid second votes, non-voter shares use eligible voters. Flow widths use estimated voter migration counts from infratest dimap/tagesschau. Displayed flows are selected estimates, not a complete balanced migration matrix."
flow,gruene_2021,Grüne 2021 · 14.7%,Grüne,Bündnis 90/Die Grünen,2021,14.7,valid_second_votes,6814408,3,0.02,#64B914,linke_2025,Linke 2025 · 8.8%,Linke,Die Linke,2025,8.8,valid_second_votes,4356532,6,0.98,#BE3075,700000,0.7,700,Grüne 2021 → Linke 2025 · 0.70M voters,#64B914,"rgba(100,185,20,0.38)",estimated voter migration,https://www.tagesschau.de/wahl/archiv/2025-02-23-BT-DE/analyse-wanderung.shtml,https://www.bundeswahlleiterin.de/bundestagswahlen/2021/ergebnisse/bund-99.html,https://www.bundeswahlleiterin.de/bundestagswahlen/2025/ergebnisse/bund-99.html,https://www.wahlrecht.de/ergebnisse/bundestag.htm?level=1,"Node labels show official election-result shares; party shares use valid second votes, non-voter shares use eligible voters. Flow widths use estimated voter migration counts from infratest dimap/tagesschau. Displayed flows are selected estimates, not a complete balanced migration matrix."
flow,fdp_2021,FDP 2021 · 11.4%,FDP,Freie Demokratische Partei,2021,11.4,valid_second_votes,5291013,4,0.02,#FFCC00,nichtwaehler_2025,Nichtwähler 2025 · 17.5%,Nichtwähler,Nichtwähler / no turnout,2025,17.5,eligible_voters,10581978,8,0.98,#808080,40000,0.04,40,FDP 2021 → Nichtwähler 2025 · 0.04M voters,#FFCC00,"rgba(255,204,0,0.38)",estimated voter migration,https://www.tagesschau.de/wahl/archiv/2025-02-23-BT-DE/charts/analyse-wanderung/chart_1873617.jpg,https://www.bundeswahlleiterin.de/bundestagswahlen/2021/ergebnisse/bund-99.html,https://www.bundeswahlleiterin.de/bundestagswahlen/2025/ergebnisse/bund-99.html,https://www.wahlrecht.de/ergebnisse/bundestag.htm?level=1,"Node labels show official election-result shares; party shares use valid second votes, non-voter shares use eligible voters. Flow widths use estimated voter migration counts from infratest dimap/tagesschau. Displayed flows are selected estimates, not a complete balanced migration matrix."
flow,fdp_2021,FDP 2021 · 11.4%,FDP,Freie Demokratische Partei,2021,11.4,valid_second_votes,5291013,4,0.02,#FFCC00,linke_2025,Linke 2025 · 8.8%,Linke,Die Linke,2025,8.8,valid_second_votes,4356532,6,0.98,#BE3075,100000,0.1,100,FDP 2021 → Linke 2025 · 0.10M voters,#FFCC00,"rgba(255,204,0,0.38)",estimated voter migration,https://www.tagesschau.de/wahl/archiv/2025-02-23-BT-DE/analyse-wanderung.shtml,https://www.bundeswahlleiterin.de/bundestagswahlen/2021/ergebnisse/bund-99.html,https://www.bundeswahlleiterin.de/bundestagswahlen/2025/ergebnisse/bund-99.html,https://www.wahlrecht.de/ergebnisse/bundestag.htm?level=1,"Node labels show official election-result shares; party shares use valid second votes, non-voter shares use eligible voters. Flow widths use estimated voter migration counts from infratest dimap/tagesschau. Displayed flows are selected estimates, not a complete balanced migration matrix."
flow,fdp_2021,FDP 2021 · 11.4%,FDP,Freie Demokratische Partei,2021,11.4,valid_second_votes,5291013,4,0.02,#FFCC00,bsw_2025,BSW 2025 · 4.98%,BSW,Bündnis Sahra Wagenknecht,2025,4.981,valid_second_votes,2472947,7,0.98,#7A003C,260000,0.26,260,FDP 2021 → BSW 2025 · 0.26M voters,#FFCC00,"rgba(255,204,0,0.38)",estimated voter migration,https://www.tagesschau.de/wahl/archiv/2025-02-23-BT-DE/analyse-wanderung.shtml,https://www.bundeswahlleiterin.de/bundestagswahlen/2021/ergebnisse/bund-99.html,https://www.bundeswahlleiterin.de/bundestagswahlen/2025/ergebnisse/bund-99.html,https://www.wahlrecht.de/ergebnisse/bundestag.htm?level=1,"Node labels show official election-result shares; party shares use valid second votes, non-voter shares use eligible voters. Flow widths use estimated voter migration counts from infratest dimap/tagesschau. Displayed flows are selected estimates, not a complete balanced migration matrix."
flow,fdp_2021,FDP 2021 · 11.4%,FDP,Freie Demokratische Partei,2021,11.4,valid_second_votes,5291013,4,0.02,#FFCC00,afd_2025,AfD 2025 · 20.8%,AfD,Alternative für Deutschland,2025,20.8,valid_second_votes,10328780,5,0.98,#009EE0,890000,0.89,890,FDP 2021 → AfD 2025 · 0.89M voters,#FFCC00,"rgba(255,204,0,0.38)",estimated voter migration,https://www.tagesschau.de/wahl/archiv/2025-02-23-BT-DE/analyse-wanderung.shtml,https://www.bundeswahlleiterin.de/bundestagswahlen/2021/ergebnisse/bund-99.html,https://www.bundeswahlleiterin.de/bundestagswahlen/2025/ergebnisse/bund-99.html,https://www.wahlrecht.de/ergebnisse/bundestag.htm?level=1,"Node labels show official election-result shares; party shares use valid second votes, non-voter shares use eligible voters. Flow widths use estimated voter migration counts from infratest dimap/tagesschau. Displayed flows are selected estimates, not a complete balanced migration matrix."
flow,linke_2021,Linke 2021 · 4.9%,Linke,Die Linke,2021,4.9,valid_second_votes,2255864,6,0.02,#BE3075,afd_2025,AfD 2025 · 20.8%,AfD,Alternative für Deutschland,2025,20.8,valid_second_votes,10328780,5,0.98,#009EE0,110000,0.11,110,Linke 2021 → AfD 2025 · 0.11M voters,#BE3075,"rgba(190,48,117,0.38)",estimated voter migration,https://www.tagesschau.de/wahl/archiv/2025-02-23-BT-DE/analyse-wanderung.shtml,https://www.bundeswahlleiterin.de/bundestagswahlen/2021/ergebnisse/bund-99.html,https://www.bundeswahlleiterin.de/bundestagswahlen/2025/ergebnisse/bund-99.html,https://www.wahlrecht.de/ergebnisse/bundestag.htm?level=1,"Node labels show official election-result shares; party shares use valid second votes, non-voter shares use eligible voters. Flow widths use estimated voter migration counts from infratest dimap/tagesschau. Displayed flows are selected estimates, not a complete balanced migration matrix."
flow,nichtwaehler_2021,Nichtwähler 2021 · 23.6%,Nichtwähler,Nichtwähler / no turnout,2021,23.6,eligible_voters,14465428,7,0.02,#808080,afd_2025,AfD 2025 · 20.8%,AfD,Alternative für Deutschland,2025,20.8,valid_second_votes,10328780,5,0.98,#009EE0,1810000,1.81,1810,Nichtwähler 2021 → AfD 2025 · 1.81M voters,#808080,"rgba(128,128,128,0.38)",estimated voter migration,https://www.tagesschau.de/wahl/archiv/2025-02-23-BT-DE/charts/analyse-wanderung/chart_1873619.jpg,https://www.bundeswahlleiterin.de/bundestagswahlen/2021/ergebnisse/bund-99.html,https://www.bundeswahlleiterin.de/bundestagswahlen/2025/ergebnisse/bund-99.html,https://www.wahlrecht.de/ergebnisse/bundestag.htm?level=1,"Node labels show official election-result shares; party shares use valid second votes, non-voter shares use eligible voters. Flow widths use estimated voter migration counts from infratest dimap/tagesschau. Displayed flows are selected estimates, not a complete balanced migration matrix."
flow,afd_2021,AfD 2021 · 10.4%,AfD,Alternative für Deutschland,2021,10.4,valid_second_votes,4809233,5,0.02,#009EE0,bsw_2025,BSW 2025 · 4.98%,BSW,Bündnis Sahra Wagenknecht,2025,4.981,valid_second_votes,2472947,7,0.98,#7A003C,60000,0.06,60,AfD 2021 → BSW 2025 · 0.06M voters,#009EE0,"rgba(0,158,224,0.38)",estimated voter migration,https://www.tagesschau.de/wahl/archiv/2025-02-23-BT-DE/analyse-wanderung.shtml,https://www.bundeswahlleiterin.de/bundestagswahlen/2021/ergebnisse/bund-99.html,https://www.bundeswahlleiterin.de/bundestagswahlen/2025/ergebnisse/bund-99.html,https://www.wahlrecht.de/ergebnisse/bundestag.htm?level=1,"Node labels show official election-result shares; party shares use valid second votes, non-voter shares use eligible voters. Flow widths use estimated voter migration counts from infratest dimap/tagesschau. Displayed flows are selected estimates, not a complete balanced migration matrix."
flow,nichtwaehler_2021,Nichtwähler 2021 · 23.6%,Nichtwähler,Nichtwähler / no turnout,2021,23.6,eligible_voters,14465428,7,0.02,#808080,linke_2025,Linke 2025 · 8.8%,Linke,Die Linke,2025,8.8,valid_second_votes,4356532,6,0.98,#BE3075,290000,0.29,290,Nichtwähler 2021 → Linke 2025 · 0.29M voters,#808080,"rgba(128,128,128,0.38)",estimated voter migration,https://www.tagesschau.de/wahl/archiv/2025-02-23-BT-DE/charts/analyse-wanderung/chart_1873621.jpg,https://www.bundeswahlleiterin.de/bundestagswahlen/2021/ergebnisse/bund-99.html,https://www.bundeswahlleiterin.de/bundestagswahlen/2025/ergebnisse/bund-99.html,https://www.wahlrecht.de/ergebnisse/bundestag.htm?level=1,"Node labels show official election-result shares; party shares use valid second votes, non-voter shares use eligible voters. Flow widths use estimated voter migration counts from infratest dimap/tagesschau. Displayed flows are selected estimates, not a complete balanced migration matrix."
flow,linke_2021,Linke 2021 · 4.9%,Linke,Die Linke,2021,4.9,valid_second_votes,2255864,6,0.02,#BE3075,bsw_2025,BSW 2025 · 4.98%,BSW,Bündnis Sahra Wagenknecht,2025,4.981,valid_second_votes,2472947,7,0.98,#7A003C,350000,0.35,350,Linke 2021 → BSW 2025 · 0.35M voters,#BE3075,"rgba(190,48,117,0.38)",estimated voter migration,https://www.tagesschau.de/wahl/archiv/2025-02-23-BT-DE/analyse-wanderung.shtml,https://www.bundeswahlleiterin.de/bundestagswahlen/2021/ergebnisse/bund-99.html,https://www.bundeswahlleiterin.de/bundestagswahlen/2025/ergebnisse/bund-99.html,https://www.wahlrecht.de/ergebnisse/bundestag.htm?level=1,"Node labels show official election-result shares; party shares use valid second votes, non-voter shares use eligible voters. Flow widths use estimated voter migration counts from infratest dimap/tagesschau. Displayed flows are selected estimates, not a complete balanced migration matrix."
flow,nichtwaehler_2021,Nichtwähler 2021 · 23.6%,Nichtwähler,Nichtwähler / no turnout,2021,23.6,eligible_voters,14465428,7,0.02,#808080,bsw_2025,BSW 2025 · 4.98%,BSW,Bündnis Sahra Wagenknecht,2025,4.981,valid_second_votes,2472947,7,0.98,#7A003C,400000,0.4,400,Nichtwähler 2021 → BSW 2025 · 0.40M voters,#808080,"rgba(128,128,128,0.38)",estimated voter migration,https://www.tagesschau.de/wahl/archiv/2025-02-23-BT-DE/charts/analyse-wanderung/chart_1873623.jpg,https://www.bundeswahlleiterin.de/bundestagswahlen/2021/ergebnisse/bund-99.html,https://www.bundeswahlleiterin.de/bundestagswahlen/2025/ergebnisse/bund-99.html,https://www.wahlrecht.de/ergebnisse/bundestag.htm?level=1,"Node labels show official election-result shares; party shares use valid second votes, non-voter shares use eligible voters. Flow widths use estimated voter migration counts from infratest dimap/tagesschau. Displayed flows are selected estimates, not a complete balanced migration matrix."
